{
   "format_version" : "1.10",
   "minecraft:item" : {
      "description" : {
         "identifier" : "minecraft:bow"
      },
    "components": {
      "minecraft:max_stack_size": 1,
      "minecraft:use_duration": 3600,
      "minecraft:frame_count": 3,
      "minecraft:animates_in_toolbar": false,
      "minecraft:enchantable": {
        "slot": "bow",
        "value": 1
      },
      "minecraft:hand_equipped": true,
      "minecraft:fuel": {
        "duration": 10.0
      },
      "minecraft:shooter": {
        "ammunition": [
          {
            "item": "minecraft:arrow",
            "use_offhand": true,
            "search_inventory": true,
            "use_in_creative": true
          }
        ],
        "scale_power_by_draw_duration": true,
        "max_draw_duration": 1.0
      },
      "minecraft:damageable": {
        "max_damage": 384
      }
    }
   }
}
