{
  "format_version": "1.10",
  "minecraft:item": {
    "description": {
      "identifier": "minecraft:chainmail_leggings"
    },
    "components": {
      "minecraft:max_stack_size": 1,
      "minecraft:enchantable": {
        "value": 12,
        "slot": "armor_legs"
      },
      "minecraft:damageable": {
        "max_damage": 225,
        "damage_chance": {
          "min": 60,
          "max": 100
        }
      },
      "minecraft:armor": {
        "protection": 4
      },
      "minecraft:wearable": {
        "slot": "slot.armor.legs"
      }
    }
  }
}