{
  "format_version": "1.10",
  "minecraft:item": {
    "description": {
      "identifier": "minecraft:diamond_sword"
    },
    "components": {
      "minecraft:max_stack_size": 1,
      "minecraft:use_duration": 3600,
      "minecraft:hand_equipped": true,
      "minecraft:damageable": {
        "max_damage": 1561
      },
      "minecraft:mining_speed": 1.5,
      "minecraft:damage": 7,
      "minecraft:enchantable": {
        "value": 10,
        "slot": "sword"
      },
      "minecraft:can_destroy_in_creative": false,
      "minecraft:digger": {
        "use_efficiency": false,
        "destroy_speeds": [
          {
            "block": "minecraft:web",
            "speed": 15
          },
          {
            "block": "minecraft:bamboo",
            "speed": 10
          }
        ]
      }
    }
  }
}