{
  "format_version": "1.10",
  "minecraft:item": {
    "description": {
      "identifier": "minecraft:golden_helmet"
    },
    "components": {
      "minecraft:max_stack_size": 1,
      "minecraft:enchantable": {
        "value": 25,
        "slot": "armor_head"
      },
      "minecraft:damageable": {
        "max_damage": 77,
        "damage_chance": {
          "min": 60,
          "max": 100
        }
      },
      "minecraft:mining_speed": 12,
      "minecraft:damage": 0,
      "minecraft:armor": {
        "protection": 2
      },
      "minecraft:wearable": {
        "slot": "slot.armor.head"
      }
    }
  }
}