{
  "format_version": "1.16.100",
  "minecraft:item": {
    "description": {
      "identifier": "minecraft:golden_apple"
    },
    "components": {
      "minecraft:stacked_by_data": true,
      "minecraft:use_duration": 1.6,
      "minecraft:foil": false,
      "minecraft:food": {
        "nutrition": 4,
        "saturation_modifier": "supernatural",
        "can_always_eat": true,
        "on_consume": {
          "event": "consumed",
          "target": "self"
        }
      }
    },
    "events": {
      "consumed": {
        "sequence": [
          {
            "add_mob_effect": {
              "effect": "regeneration",
              "duration": 5,
              "amplifier": 1,
              "target": "holder"
            }
          },
          {
            "add_mob_effect": {
              "effect": "absorption",
              "duration": 120,
              "amplifier": 0,
              "target": "holder"
            }
          }
        ]
      }
    }
  }
}