{
  "format_version": "1.16.100",
  "minecraft:item": {
    "description": {
      "identifier": "minecraft:mooshroom_spawn_egg",
      "aliases": [
        "minecraft:spawn_egg:16"
      ]
    },
    "components": {
      "minecraft:stacked_by_data": true,
      "minecraft:liquid_clipped": true,
      "minecraft:entity_placer": {
        "entity": "minecraft:mooshroom"
      },
      "minecraft:mob_spawner_placer": {
        "entity": "minecraft:mooshroom",
        "block": {
          "tags": "q.any_tag('mob_spawner')"
        }
      }
    }
  }
}