{
  "format_version": "1.16.100",
  "minecraft:item": {
    "description": {
      "identifier": "minecraft:pufferfish"
    },

    "components": {
      "minecraft:use_duration": 1.6,
      "minecraft:stacked_by_data": true,

      "minecraft:food": {
        "nutrition": 1,
        "saturation_modifier": "poor",
        "on_consume": {
          "event": "consumed",
          "target": "self"
        }
      }
    },
    "events": {
      "consumed": {
        "sequence": [
          {
            "add_mob_effect": {
              "effect": "poison",
              "duration": 60,
              "amplifier": 3,
              "target": "holder"
            }
          },
          {
            "add_mob_effect": {
              "effect": "nausea",
              "duration": 15,
              "amplifier": 1,
              "target": "holder"
            }
          },
          {
            "add_mob_effect": {
              "effect": "hunger",
              "duration": 15,
              "amplifier": 2,
              "target": "holder"
            }
          }
        ]
      }
    }
  }
}