{
  "format_version": "1.16.100",
  "minecraft:item": {
    "description": {
      "identifier": "minecraft:spider_eye"
    },
    "components": {
      "minecraft:use_duration": 1.6,
      "minecraft:food": {
        "nutrition": 2,
        "saturation_modifier": "good",
        "on_consume": {
          "event": "consumed",
          "target": "self"
        }
      }
    },
    "events": {
      "consumed": {
        "add_mob_effect": {
          "effect": "poison",
          "duration": 30,
          "amplifier": 0,
          "target": "holder"
        }
      }
    }
  }
}