{
  "format_version": "1.10",
  "minecraft:item": {
    "description": {
      "identifier": "minecraft:stone_pickaxe"
    },
    "components": {
      "minecraft:max_stack_size": 1,
      "minecraft:hand_equipped": true,
      "minecraft:damageable": {
        "max_damage": 131
      },
      "minecraft:mining_speed": 1,
      "minecraft:damage": 2,
      "minecraft:enchantable": {
        "value": 5,
        "slot": "pickaxe"
      },
      "minecraft:digger": {
        "use_efficiency": true,
        "destroy_speeds": [
          {
            "block": {
              "tags": "q.any_tag('stone', 'metal', 'stone_pick_diggable')"
            },
            "speed": 4
          },
          {
            "block": "minecraft:ice",
            "speed": 4
          },
          {
            "block": "minecraft:sandstone",
            "speed": 4
          }
        ]
      }
    }
  }
}