{
  "format_version": "1.10",
  "minecraft:item": {
    "description": {
      "identifier": "minecraft:wooden_axe"
    },
    "components": {
      "minecraft:max_stack_size": 1,
      "minecraft:hand_equipped": true,
      "minecraft:damageable": {
        "max_damage": 131
      },
      "minecraft:mining_speed": 1,
      "minecraft:damage": 3,
      "minecraft:enchantable": {
        "value": 15,
        "slot": "axe"
      },
      //"minecraft:use_on": {
      //  "blocks": [
      //    "log",
      //    "log2",
      //    "wood"
      //  ]
      //},
      "minecraft:digger": {
        "use_efficiency": true,
        "destroy_speeds": [
          {
            "block": {
              "tags": "q.any_tag('wood', 'pumpkin', 'plant')"
            },
            "speed": 2
          },
          {
            "block": "minecraft:chest",
            "speed": 2
          },
          {
            "block": "minecraft:melon_block",
            "speed": 2
          }
        ]
      },
      "tag:minecraft:is_axe": {}
    }
  }
}