{
  "format_version": "1.10",
  "minecraft:item": {
    "description": {
      "identifier": "minecraft:wooden_shovel"
    },
    "components": {
      "minecraft:max_stack_size": 1,
      "minecraft:hand_equipped": true,
      "minecraft:damageable": {
        "max_damage": 131
      },
      "minecraft:mining_speed": 1,
      "minecraft:damage": 1,
      "minecraft:enchantable": {
        "value": 15,
        "slot": "shovel"
      },
      //"minecraft:use_on": {
      //  "blocks": [
      //    "minecraft:grass",
      //    "minecraft:snow",
      //    "minecraft:snow_layer"
      //  ]
      //},
      "minecraft:digger": {
        "use_efficiency": true,
        "destroy_speeds": [
          {
            "block": {
              "tags": "q.any_tag('dirt', 'sand', 'gravel', 'grass', 'snow')"
            },
            "speed": 2
          }
        ]
      },
      "tag:minecraft:is_shovel": {}
    }
  }
}