{
	"resource_pack_name": "Reverse Craft R.P",
	"texture_name": "atlas.items",
	"texture_data": {
		"empty": {
			"textures": "textures/items/chesti"
		},
		"trial_chambers_corridor": {
			"textures": "textures/blocks/chest_front"
		},
		"trial_chambers_entrance": {
			"textures": "textures/items/chest"
		},
		"trial_chambers_intersection": {
			"textures": "textures/items/chest"
		},
		"trial_chambers_intersection_barrel": {
			"textures": "textures/items/chest"
		},
		"trial_chambers_reward": {
			"textures": "textures/items/gold_ore"
		},
		"trial_chambers_reward_common": {
			"textures": "textures/items/chest"
		},
		"trial_chambers_reward_ominous": {
			"textures": "textures/items/chest"
		},
		"trial_chambers_reward_ominous_common": {
			"textures": "textures/items/chest"
		},
		"trial_chambers_reward_ominous_rare": {
			"textures": "textures/items/chest"
		},
		"trial_chambers_reward_ominous_unique": {
			"textures": "textures/items/chest"
		},
		"trial_chambers_reward_rare": {
			"textures": "textures/items/chest"
		},
		"trial_chambers_reward_unique": {
			"textures": "textures/items/chest"
		},
		"trial_chambers_supply": {
			"textures": "textures/items/chest"
		},
		"ancient_city": {
			"textures": "textures/items/chest"
		},
		"bastion_bridge": {
			"textures": "textures/items/chest"
		},
		"bastion_hoglin_stable": {
			"textures": "textures/items/chest"
		},
		"bastion_other": {
			"textures": "textures/items/chest"
		},
		"bastion_treasure": {
			"textures": "textures/items/chest"
		},
		"desert_pyramid": {
			"textures": "textures/items/chest"
		},
		"end_city_treasure": {
			"textures": "textures/items/chest"
		},
		"jungle_temple": {
			"textures": "textures/items/chest"
		},
		"nether_bridge": {
			"textures": "textures/items/chest"
		},
		"pillager_outpost": {
			"textures": "textures/items/chest"
		},
		"shipwreck": {
			"textures": "textures/items/chest"
		},
		"shipwrecksupply": {
			"textures": "textures/items/chest"
		},
		"shipwrecktreasure": {
			"textures": "textures/items/chest"
		},
		"stronghold_corridor": {
			"textures": "textures/items/chest"
		},
		"stronghold_library": {
			"textures": "textures/items/chest"
		},
		"woodland_mansion": {
			"textures": "textures/items/chest"
		},
		"spawn_bonus_chest": {
			"textures": "textures/items/chest"
		},
		"ancient_city_ice_box": {
			"textures": "textures/items/chest"
		},
		"simple_dungeon": {
			"textures": "textures/items/chest"
		},
		"stronghold_crossing": {
			"textures": "textures/items/chest"
		},
		"abandoned_mineshaft": {
			"textures": "textures/items/chest"
		},
		"ruined_portal": {
			"textures": "textures/items/chest"
		},
		"buriedtreasure": {
			"textures": "textures/items/chest"
		},
		"dispenser_trap": {
			"textures": "textures/items/chest"
		},
		"igloo_chest": {
			"textures": "textures/items/chest"
		},
		"monster_room": {
			"textures": "textures/items/chest"
		},
		"underwater_ruin_big": {
			"textures": "textures/items/chest"
		},
		"underwater_ruin_small": {
			"textures": "textures/items/chest"
		},
		"village_blacksmith": {
			"textures": "textures/items/chest"
		},
		"village_two_room_house": {
			"textures": "textures/items/chest"
		},
		"village_village_armorer": {
			"textures": "textures/items/chest"
		},
		"village_village_butcher": {
			"textures": "textures/items/chest"
		},
		"village_village_cartographer": {
			"textures": "textures/items/chest"
		},
		"village_village_desert_house": {
			"textures": "textures/items/chest"
		},
		"village_village_fletcher": {
			"textures": "textures/items/chest"
		},
		"village_village_mason": {
			"textures": "textures/items/chest"
		},
		"village_village_plains_house": {
			"textures": "textures/items/chest"
		},
		"village_village_savanna_house": {
			"textures": "textures/items/chest"
		},
		"village_village_shepherd": {
			"textures": "textures/items/chest"
		},
		"village_village_snowy_house": {
			"textures": "textures/items/chest"
		},
		"village_village_taiga_house": {
			"textures": "textures/items/chest"
		},
		"village_village_tannery": {
			"textures": "textures/items/chest"
		},
		"village_village_temple": {
			"textures": "textures/items/chest"
		},
		"village_village_toolsmith": {
			"textures": "textures/items/chest"
		},
		"village_village_weaponsmith": {
			"textures": "textures/items/chest"
		}

	}
}